time,container_mem_mib,container_limit_mib,cpu,heap_used_mib,heap_max_mib
2026-09-26T16:32:18,1090.6,1536.0,0.78%,295.9,512.0
2026-09-26T16:32:20,1092.6,1536.0,0.70%,295.9,512.0
2026-09-26T16:32:22,1093.6,1536.0,0.78%,295.9,512.0
2026-09-26T16:32:24,1093.6,1536.0,0.64%,295.9,512.0
2026-09-26T16:32:27,1094.7,1536.0,0.75%,295.9,512.0
2026-09-26T16:32:29,1096.7,1536.0,0.91%,299.9,512.0
2026-09-26T16:32:31,1097.7,1536.0,0.88%,299.9,512.0
2026-09-26T16:32:34,1098.8,1536.0,0.60%,299.9,512.0
2026-09-26T16:32:37,1099.8,1536.0,0.75%,303.9,512.0
2026-09-26T16:32:39,1115.1,1536.0,0.82%,327.9,512.0
2026-09-26T16:32:41,1115.1,1536.0,0.66%,327.9,512.0
2026-09-26T16:32:43,1116.2,1536.0,0.56%,331.9,512.0
2026-09-26T16:32:46,1117.2,1536.0,0.63%,331.9,512.0
2026-09-26T16:32:48,1118.2,1536.0,0.56%,331.9,512.0
2026-09-26T16:32:51,1119.2,1536.0,0.54%,331.9,512.0
2026-09-26T16:32:53,1120.3,1536.0,0.60%,335.9,512.0
2026-09-26T16:32:56,1121.3,1536.0,0.50%,335.9,512.0
2026-09-26T16:32:58,1125.4,1536.0,0.74%,343.9,512.0
2026-09-26T16:33:00,1125.4,1536.0,0.76%,343.9,512.0
2026-09-26T16:33:02,1126.4,1536.0,0.64%,343.9,512.0
2026-09-26T16:33:05,1138.7,1536.0,56.71%,120.0,512.0
2026-09-26T16:33:08,1084.4,1536.0,3.70%,124.0,512.0
2026-09-26T16:33:10,1084.4,1536.0,0.62%,124.0,512.0
2026-09-26T16:33:12,1084.4,1536.0,0.56%,128.0,512.0
2026-09-26T16:33:14,1084.4,1536.0,0.59%,128.0,512.0
2026-09-26T16:33:17,1084.4,1536.0,0.55%,128.0,512.0
2026-09-26T16:33:19,1084.4,1536.0,0.59%,128.0,512.0
2026-09-26T16:33:22,1084.4,1536.0,0.58%,128.0,512.0
2026-09-26T16:33:24,1084.4,1536.0,0.51%,128.0,512.0
2026-09-26T16:33:27,1084.4,1536.0,0.56%,128.0,512.0
2026-09-26T16:33:29,1084.4,1536.0,0.59%,128.0,512.0
2026-09-26T16:33:31,1084.4,1536.0,0.90%,128.0,512.0
2026-09-26T16:33:33,MARK,app start (reindex 10000 on startup, reconcile +20s),,,
2026-09-26T16:33:33,1084.4,1536.0,0.47%,128.0,512.0
2026-09-26T16:33:36,1084.4,1536.0,0.54%,132.0,512.0
2026-09-26T16:33:39,1084.4,1536.0,0.66%,132.0,512.0
2026-09-26T16:33:41,1084.4,1536.0,0.50%,132.0,512.0
2026-09-26T16:33:43,1084.4,1536.0,0.57%,132.0,512.0
2026-09-26T16:33:46,1084.4,1536.0,0.52%,132.0,512.0
2026-09-26T16:33:48,1084.4,1536.0,0.45%,132.0,512.0
2026-09-26T16:33:50,1084.4,1536.0,0.47%,132.0,512.0
2026-09-26T16:33:53,1157.1,1536.0,372.84%,272.5,512.0
2026-09-26T16:33:56,1175.6,1536.0,0.61%,141.8,512.0
2026-09-26T16:33:58,1175.6,1536.0,0.44%,141.8,512.0
2026-09-26T16:34:00,1170.4,1536.0,0.46%,141.8,512.0
2026-09-26T16:34:02,1170.4,1536.0,0.51%,141.8,512.0
2026-09-26T16:34:05,1170.4,1536.0,0.51%,141.8,512.0
2026-09-26T16:34:08,1170.4,1536.0,0.96%,145.8,512.0
2026-09-26T16:34:10,1170.4,1536.0,0.47%,145.8,512.0
2026-09-26T16:34:12,1234.9,1536.0,145.20%,337.8,512.0
2026-09-26T16:34:14,MARK,reindex+reconcile done,,,
2026-09-26T16:34:14,1222.7,1536.0,0.56%,337.8,512.0
2026-09-26T16:34:17,1222.7,1536.0,1.67%,337.8,512.0
2026-09-26T16:34:19,1222.7,1536.0,0.57%,337.8,512.0
2026-09-26T16:34:21,MARK,k6 es search cold start,,,
2026-09-26T16:34:21,1225.7,1536.0,26.67%,349.8,512.0
2026-09-26T16:34:24,1232.9,1536.0,118.90%,152.5,512.0
2026-09-26T16:34:27,1243.1,1536.0,56.09%,168.0,512.0
2026-09-26T16:34:29,1238.0,1536.0,39.75%,268.0,512.0
2026-09-26T16:34:31,1240.1,1536.0,57.78%,368.0,512.0
2026-09-26T16:34:33,1239.0,1536.0,41.49%,184.0,512.0
2026-09-26T16:34:36,1247.2,1536.0,35.36%,320.0,512.0
2026-09-26T16:34:38,1239.0,1536.0,40.73%,127.0,512.0
2026-09-26T16:34:41,1247.2,1536.0,50.42%,227.0,512.0
2026-09-26T16:34:43,1247.2,1536.0,36.23%,331.0,512.0
2026-09-26T16:34:46,1248.3,1536.0,42.91%,175.1,512.0
2026-09-26T16:34:48,1248.3,1536.0,24.13%,279.1,512.0
2026-09-26T16:34:50,1249.3,1536.0,27.13%,379.1,512.0
2026-09-26T16:34:52,MARK,k6 es search cold end,,,
2026-09-26T16:34:52,MARK,k6 es search warm1 start,,,
2026-09-26T16:34:52,1249.3,1536.0,14.05%,155.2,512.0
2026-09-26T16:34:55,1249.3,1536.0,31.06%,295.2,512.0
2026-09-26T16:34:58,1248.3,1536.0,24.51%,391.2,512.0
2026-09-26T16:35:00,1248.3,1536.0,23.20%,199.2,512.0
2026-09-26T16:35:02,1249.3,1536.0,20.76%,303.2,512.0
2026-09-26T16:35:04,1248.3,1536.0,22.38%,110.8,512.0
2026-09-26T16:35:07,1248.3,1536.0,25.32%,246.8,512.0
2026-09-26T16:35:10,1249.3,1536.0,35.87%,346.8,512.0
2026-09-26T16:35:12,1249.3,1536.0,33.76%,154.9,512.0
2026-09-26T16:35:14,1249.3,1536.0,20.17%,258.9,512.0
2026-09-26T16:35:17,1248.3,1536.0,20.67%,394.9,512.0
2026-09-26T16:35:19,1249.3,1536.0,22.51%,202.9,512.0
2026-09-26T16:35:21,1256.4,1536.0,42.18%,302.9,512.0
2026-09-26T16:35:22,MARK,k6 es search warm1 end,,,
2026-09-26T16:35:23,MARK,k6 es search warm2 start,,,
2026-09-26T16:35:23,1256.4,1536.0,20.10%,370.9,512.0
2026-09-26T16:35:26,1251.3,1536.0,48.80%,217.8,512.0
2026-09-26T16:35:29,1250.3,1536.0,25.60%,313.8,512.0
2026-09-26T16:35:31,1251.3,1536.0,69.36%,125.9,512.0
2026-09-26T16:35:33,1250.3,1536.0,35.33%,221.9,512.0
2026-09-26T16:35:36,1252.4,1536.0,30.62%,361.9,512.0
2026-09-26T16:35:38,1261.6,1536.0,19.93%,170.2,512.0
2026-09-26T16:35:40,1260.5,1536.0,16.34%,270.2,512.0
2026-09-26T16:35:43,1260.5,1536.0,19.50%,370.2,512.0
2026-09-26T16:35:46,1260.5,1536.0,15.91%,218.2,512.0
2026-09-26T16:35:48,1260.5,1536.0,13.88%,318.2,512.0
2026-09-26T16:35:50,1260.5,1536.0,16.39%,126.1,512.0
2026-09-26T16:35:52,1260.5,1536.0,16.45%,222.1,512.0
2026-09-26T16:35:53,MARK,k6 es search warm2 end,,,
2026-09-26T16:35:53,MARK,k6 es search warm3 start,,,
2026-09-26T16:35:54,1261.6,1536.0,13.67%,286.1,512.0
2026-09-26T16:35:57,1260.5,1536.0,32.35%,130.1,512.0
2026-09-26T16:36:00,1260.5,1536.0,15.26%,226.1,512.0
2026-09-26T16:36:02,1260.5,1536.0,14.74%,326.1,512.0
2026-09-26T16:36:04,1260.5,1536.0,16.26%,129.9,512.0
2026-09-26T16:36:07,1260.5,1536.0,24.19%,273.9,512.0
2026-09-26T16:36:09,1261.6,1536.0,14.90%,369.9,512.0
2026-09-26T16:36:11,1260.5,1536.0,14.32%,174.0,512.0
2026-09-26T16:36:14,1261.6,1536.0,16.06%,274.0,512.0
2026-09-26T16:36:17,1260.5,1536.0,14.85%,121.9,512.0
2026-09-26T16:36:19,1260.5,1536.0,14.59%,217.9,512.0
2026-09-26T16:36:21,1260.5,1536.0,15.04%,317.9,512.0
2026-09-26T16:36:23,1253.4,1536.0,32.24%,125.9,512.0
2026-09-26T16:36:24,MARK,k6 es search warm3 end,,,
2026-09-26T16:36:24,MARK,k6 es search saturation start,,,
2026-09-26T16:36:26,1253.4,1536.0,169.70%,194.0,512.0
2026-09-26T16:36:28,1253.4,1536.0,166.70%,341.9,512.0
2026-09-26T16:36:31,1254.4,1536.0,191.94%,181.9,512.0
2026-09-26T16:36:33,1256.4,1536.0,155.36%,358.2,512.0
2026-09-26T16:36:36,1256.4,1536.0,167.54%,250.1,512.0
2026-09-26T16:36:38,1256.4,1536.0,143.84%,122.1,512.0
2026-09-26T16:36:40,1257.5,1536.0,166.13%,294.2,512.0
2026-09-26T16:36:43,1257.5,1536.0,164.15%,106.0,512.0
2026-09-26T16:36:46,1257.5,1536.0,157.31%,110.1,512.0
2026-09-26T16:36:48,1257.5,1536.0,137.73%,118.0,512.0
2026-09-26T16:36:50,1257.5,1536.0,158.17%,122.1,512.0
2026-09-26T16:36:52,1257.5,1536.0,139.47%,146.0,512.0
2026-09-26T16:36:54,1257.5,1536.0,133.27%,298.0,512.0
2026-09-26T16:36:55,MARK,k6 es search saturation end,,,
2026-09-26T16:36:55,MARK,k6 es nosearch cold start,,,
2026-09-26T16:36:57,1257.5,1536.0,0.50%,298.0,512.0
2026-09-26T16:37:00,1257.5,1536.0,0.51%,298.0,512.0
2026-09-26T16:37:02,1257.5,1536.0,0.54%,298.0,512.0
2026-09-26T16:37:04,1257.5,1536.0,0.45%,298.0,512.0
2026-09-26T16:37:07,1257.5,1536.0,9.14%,298.0,512.0
2026-09-26T16:37:09,1257.5,1536.0,0.46%,302.0,512.0
2026-09-26T16:37:11,1257.5,1536.0,0.43%,302.0,512.0
2026-09-26T16:37:14,1257.5,1536.0,0.49%,302.0,512.0
2026-09-26T16:37:17,1257.5,1536.0,0.52%,302.0,512.0
2026-09-26T16:37:19,1257.5,1536.0,0.46%,302.0,512.0
2026-09-26T16:37:21,1257.5,1536.0,0.41%,302.0,512.0
2026-09-26T16:37:23,1257.5,1536.0,0.45%,302.0,512.0
2026-09-26T16:37:25,MARK,k6 es nosearch cold end,,,
2026-09-26T16:37:25,MARK,k6 es nosearch warm1 start,,,
2026-09-26T16:37:26,1257.5,1536.0,0.52%,302.0,512.0
2026-09-26T16:37:28,1257.5,1536.0,0.44%,302.0,512.0
2026-09-26T16:37:31,1257.5,1536.0,0.50%,302.0,512.0
2026-09-26T16:37:33,1257.5,1536.0,0.43%,302.0,512.0
2026-09-26T16:37:36,1257.5,1536.0,0.48%,302.0,512.0
2026-09-26T16:37:38,1257.5,1536.0,0.49%,302.0,512.0
2026-09-26T16:37:40,1257.5,1536.0,0.47%,302.0,512.0
2026-09-26T16:37:42,1257.5,1536.0,0.44%,302.0,512.0
2026-09-26T16:37:45,1257.5,1536.0,0.44%,302.0,512.0
2026-09-26T16:37:48,1257.5,1536.0,0.48%,306.0,512.0
2026-09-26T16:37:50,1257.5,1536.0,0.52%,306.0,512.0
2026-09-26T16:37:52,1257.5,1536.0,0.63%,306.0,512.0
2026-09-26T16:37:54,1257.5,1536.0,0.48%,306.0,512.0
2026-09-26T16:37:56,MARK,k6 es nosearch warm1 end,,,
2026-09-26T16:37:56,MARK,k6 es nosearch warm2 start,,,
2026-09-26T16:37:57,1257.5,1536.0,0.53%,306.0,512.0
2026-09-26T16:37:59,1257.5,1536.0,0.50%,306.0,512.0
2026-09-26T16:38:02,1257.5,1536.0,0.46%,306.0,512.0
2026-09-26T16:38:04,1257.5,1536.0,0.45%,306.0,512.0
2026-09-26T16:38:07,1257.5,1536.0,1.03%,306.0,512.0
2026-09-26T16:38:09,1257.5,1536.0,0.47%,306.0,512.0
2026-09-26T16:38:11,1257.5,1536.0,0.47%,306.0,512.0
2026-09-26T16:38:13,1257.5,1536.0,0.50%,306.0,512.0
2026-09-26T16:38:16,1257.5,1536.0,0.50%,306.0,512.0
2026-09-26T16:38:19,1257.5,1536.0,0.44%,306.0,512.0
2026-09-26T16:38:21,1257.5,1536.0,0.44%,306.0,512.0
2026-09-26T16:38:23,1257.5,1536.0,0.45%,306.0,512.0
2026-09-26T16:38:26,1257.5,1536.0,0.45%,310.0,512.0
2026-09-26T16:38:27,MARK,k6 es nosearch warm2 end,,,
2026-09-26T16:38:28,1257.5,1536.0,0.50%,310.0,512.0
2026-09-26T16:38:30,1257.5,1536.0,0.47%,310.0,512.0
2026-09-26T16:38:33,1257.5,1536.0,0.47%,310.0,512.0
2026-09-26T16:38:36,1257.5,1536.0,0.49%,310.0,512.0
2026-09-26T16:38:38,1257.5,1536.0,0.51%,310.0,512.0
2026-09-26T16:38:40,1257.5,1536.0,0.53%,310.0,512.0
2026-09-26T16:38:42,1257.5,1536.0,0.50%,310.0,512.0
2026-09-26T16:38:44,1257.5,1536.0,0.56%,310.0,512.0
2026-09-26T16:38:47,1257.5,1536.0,0.50%,310.0,512.0
2026-09-26T16:38:50,1257.5,1536.0,0.54%,310.0,512.0
2026-09-26T16:38:52,1257.5,1536.0,0.63%,310.0,512.0
2026-09-26T16:38:54,1257.5,1536.0,0.55%,310.0,512.0
2026-09-26T16:38:57,1257.5,1536.0,0.65%,310.0,512.0
2026-09-26T16:38:59,1257.5,1536.0,0.57%,310.0,512.0
2026-09-26T16:39:01,1257.5,1536.0,0.49%,314.0,512.0
2026-09-26T16:39:04,1257.5,1536.0,0.46%,314.0,512.0
2026-09-26T16:39:07,1257.5,1536.0,0.57%,314.0,512.0
2026-09-26T16:39:09,1257.5,1536.0,0.50%,314.0,512.0
2026-09-26T16:39:11,1257.5,1536.0,0.50%,314.0,512.0
2026-09-26T16:39:13,1257.5,1536.0,0.53%,314.0,512.0
2026-09-26T16:39:16,1257.5,1536.0,0.53%,314.0,512.0
2026-09-26T16:39:18,1257.5,1536.0,0.48%,314.0,512.0
2026-09-26T16:39:20,MARK,baseline LIKE app running (ES idle),,,
2026-09-26T16:39:21,1257.5,1536.0,0.48%,314.0,512.0
2026-09-26T16:39:23,1257.5,1536.0,0.42%,314.0,512.0
2026-09-26T16:39:26,1257.5,1536.0,0.39%,314.0,512.0
2026-09-26T16:39:28,1257.5,1536.0,0.40%,314.0,512.0
2026-09-26T16:39:30,1257.5,1536.0,0.40%,314.0,512.0
2026-09-26T16:39:32,1257.5,1536.0,0.54%,314.0,512.0
2026-09-26T16:39:36,1257.5,1536.0,0.38%,314.0,512.0
2026-09-26T16:39:38,1257.5,1536.0,0.62%,314.0,512.0
2026-09-26T16:39:40,1257.5,1536.0,0.42%,318.0,512.0
2026-09-26T16:39:42,1257.5,1536.0,0.41%,318.0,512.0
2026-09-26T16:39:44,1257.5,1536.0,0.40%,318.0,512.0
2026-09-26T16:39:47,1257.5,1536.0,0.40%,318.0,512.0
2026-09-26T16:39:50,1257.5,1536.0,0.43%,318.0,512.0
2026-09-26T16:39:52,1257.5,1536.0,0.59%,318.0,512.0
2026-09-26T16:39:54,1257.5,1536.0,0.44%,318.0,512.0
2026-09-26T16:39:57,1257.5,1536.0,0.46%,318.0,512.0
2026-09-26T16:39:59,1257.5,1536.0,0.37%,318.0,512.0
2026-09-26T16:40:01,1257.5,1536.0,0.37%,318.0,512.0
2026-09-26T16:40:04,1257.5,1536.0,0.39%,318.0,512.0
2026-09-26T16:40:07,1257.5,1536.0,0.61%,318.0,512.0
2026-09-26T16:40:09,1257.5,1536.0,0.41%,318.0,512.0
2026-09-26T16:40:11,1257.5,1536.0,0.38%,318.0,512.0
2026-09-26T16:40:13,1257.5,1536.0,0.43%,318.0,512.0
2026-09-26T16:40:16,1257.5,1536.0,0.37%,318.0,512.0
2026-09-26T16:40:18,1257.5,1536.0,0.38%,322.0,512.0
2026-09-26T16:40:21,1257.5,1536.0,0.37%,322.0,512.0
2026-09-26T16:40:23,1257.5,1536.0,0.42%,322.0,512.0
2026-09-26T16:40:26,1257.5,1536.0,0.40%,322.0,512.0
2026-09-26T16:40:28,1257.5,1536.0,0.38%,322.0,512.0
2026-09-26T16:40:30,1257.5,1536.0,0.41%,322.0,512.0
2026-09-26T16:40:32,1257.5,1536.0,0.42%,322.0,512.0
2026-09-26T16:40:35,1257.5,1536.0,0.42%,322.0,512.0
2026-09-26T16:40:38,1257.5,1536.0,0.71%,322.0,512.0
2026-09-26T16:40:40,1257.5,1536.0,0.40%,322.0,512.0
2026-09-26T16:40:42,1257.5,1536.0,0.39%,322.0,512.0
2026-09-26T16:40:44,1257.5,1536.0,0.42%,322.0,512.0
2026-09-26T16:40:47,1257.5,1536.0,0.44%,322.0,512.0
2026-09-26T16:40:49,1257.5,1536.0,0.40%,322.0,512.0
2026-09-26T16:40:52,1257.5,1536.0,0.53%,322.0,512.0
2026-09-26T16:40:54,1257.5,1536.0,0.41%,322.0,512.0
2026-09-26T16:40:57,1257.5,1536.0,0.46%,322.0,512.0
2026-09-26T16:40:59,1257.5,1536.0,0.42%,326.0,512.0
2026-09-26T16:41:01,1257.5,1536.0,0.38%,326.0,512.0
2026-09-26T16:41:03,1257.5,1536.0,0.40%,326.0,512.0
2026-09-26T16:41:06,1257.5,1536.0,0.49%,326.0,512.0
2026-09-26T16:41:09,1257.5,1536.0,0.42%,326.0,512.0
2026-09-26T16:41:11,1257.5,1536.0,0.38%,326.0,512.0
2026-09-26T16:41:13,1257.5,1536.0,0.42%,326.0,512.0
2026-09-26T16:41:16,1257.5,1536.0,0.41%,326.0,512.0
2026-09-26T16:41:18,1257.5,1536.0,0.37%,326.0,512.0
2026-09-26T16:41:20,1257.5,1536.0,0.38%,326.0,512.0
2026-09-26T16:41:23,1257.5,1536.0,0.43%,326.0,512.0
2026-09-26T16:41:26,1257.5,1536.0,0.49%,326.0,512.0
2026-09-26T16:41:28,1257.5,1536.0,0.51%,326.0,512.0
2026-09-26T16:41:30,1257.5,1536.0,0.52%,326.0,512.0
2026-09-26T16:41:32,1257.5,1536.0,0.60%,326.0,512.0
2026-09-26T16:41:35,1257.5,1536.0,0.64%,326.0,512.0
2026-09-26T16:41:38,1257.5,1536.0,1.02%,330.0,512.0
2026-09-26T16:41:40,1257.5,1536.0,0.54%,330.0,512.0
2026-09-26T16:41:42,1257.5,1536.0,0.52%,330.0,512.0
2026-09-26T16:41:44,1257.5,1536.0,0.52%,330.0,512.0
2026-09-26T16:41:47,1257.5,1536.0,0.54%,330.0,512.0
2026-09-26T16:41:50,1257.5,1536.0,0.56%,330.0,512.0
2026-09-26T16:41:52,1257.5,1536.0,0.90%,330.0,512.0
2026-09-26T16:41:54,1257.5,1536.0,0.46%,330.0,512.0
2026-09-26T16:41:57,1257.5,1536.0,0.52%,330.0,512.0
2026-09-26T16:41:59,1257.5,1536.0,0.47%,330.0,512.0
2026-09-26T16:42:01,1257.5,1536.0,0.45%,330.0,512.0
2026-09-26T16:42:04,1257.5,1536.0,0.46%,330.0,512.0
2026-09-26T16:42:07,1257.5,1536.0,0.75%,330.0,512.0
2026-09-26T16:42:09,1272.8,1536.0,0.46%,330.0,512.0
2026-09-26T16:42:11,1271.8,1536.0,0.45%,330.0,512.0
2026-09-26T16:42:13,1271.8,1536.0,0.47%,334.0,512.0
2026-09-26T16:42:16,1271.8,1536.0,0.48%,334.0,512.0
2026-09-26T16:42:18,1271.8,1536.0,0.47%,334.0,512.0
2026-09-26T16:42:21,1271.8,1536.0,0.45%,334.0,512.0
2026-09-26T16:42:23,1271.8,1536.0,0.49%,334.0,512.0
2026-09-26T16:42:26,1271.8,1536.0,0.46%,334.0,512.0
2026-09-26T16:42:28,1271.8,1536.0,0.47%,334.0,512.0
2026-09-26T16:42:30,1272.8,1536.0,0.47%,334.0,512.0
2026-09-26T16:42:32,1272.8,1536.0,0.53%,334.0,512.0
2026-09-26T16:42:35,1272.8,1536.0,0.50%,334.0,512.0
2026-09-26T16:42:38,1272.8,1536.0,1.15%,334.0,512.0
2026-09-26T16:42:40,1272.8,1536.0,0.86%,334.0,512.0
2026-09-26T16:42:42,1272.8,1536.0,0.45%,334.0,512.0
2026-09-26T16:42:44,1272.8,1536.0,0.47%,334.0,512.0
2026-09-26T16:42:47,1272.8,1536.0,0.70%,334.0,512.0
2026-09-26T16:42:49,1272.8,1536.0,0.51%,334.0,512.0
2026-09-26T16:42:52,1272.8,1536.0,0.60%,338.0,512.0
2026-09-26T16:42:54,1272.8,1536.0,0.46%,338.0,512.0
2026-09-26T16:42:57,1272.8,1536.0,0.99%,338.0,512.0
2026-09-26T16:42:59,1273.9,1536.0,0.46%,338.0,512.0
2026-09-26T16:43:01,1273.9,1536.0,0.58%,338.0,512.0
2026-09-26T16:43:03,1273.9,1536.0,0.45%,338.0,512.0
2026-09-26T16:43:06,1273.9,1536.0,0.54%,338.0,512.0
2026-09-26T16:43:09,1272.8,1536.0,0.51%,338.0,512.0
2026-09-26T16:43:11,1272.8,1536.0,0.51%,338.0,512.0
2026-09-26T16:43:13,1272.8,1536.0,0.46%,338.0,512.0
2026-09-26T16:43:16,1272.8,1536.0,0.46%,338.0,512.0
2026-09-26T16:43:18,1272.8,1536.0,0.44%,338.0,512.0
2026-09-26T16:43:20,1272.8,1536.0,0.48%,338.0,512.0
2026-09-26T16:43:22,1272.8,1536.0,0.44%,338.0,512.0
2026-09-26T16:43:26,1272.8,1536.0,0.50%,338.0,512.0
2026-09-26T16:43:28,1272.8,1536.0,0.44%,338.0,512.0
2026-09-26T16:43:30,1272.8,1536.0,0.48%,342.0,512.0
2026-09-26T16:43:32,1272.8,1536.0,0.49%,342.0,512.0
2026-09-26T16:43:34,1272.8,1536.0,0.46%,342.0,512.0
2026-09-26T16:43:37,1272.8,1536.0,0.73%,342.0,512.0
2026-09-26T16:43:40,1272.8,1536.0,0.50%,342.0,512.0
2026-09-26T16:43:42,1272.8,1536.0,0.49%,342.0,512.0
2026-09-26T16:43:44,1272.8,1536.0,0.46%,342.0,512.0
2026-09-26T16:43:47,1272.8,1536.0,0.48%,342.0,512.0
2026-09-26T16:43:49,1272.8,1536.0,0.46%,342.0,512.0
2026-09-26T16:43:51,1272.8,1536.0,0.75%,342.0,512.0
2026-09-26T16:43:54,1272.8,1536.0,0.48%,342.0,512.0
2026-09-26T16:43:57,1272.8,1536.0,0.53%,342.0,512.0
2026-09-26T16:43:59,1272.8,1536.0,0.47%,342.0,512.0
2026-09-26T16:44:01,1272.8,1536.0,0.49%,342.0,512.0
